CREATE TABLE IF NOT EXISTS youth(youth_id INTEGER PRIMARY KEY AUTOINCREMENT,name TEXT,organization TEXT,img TEXT);
INSERT or IGNORE INTO youth VALUES (1, 'Simson Kapembe', 'NUST/  Omatako village', 'assets/img/youth/Kapembe.PNG');
INSERT or IGNORE INTO youth VALUES (2, 'Evelyn', 'NUST', 'assets/img/youth/Evelyn.png');
INSERT or IGNORE INTO youth VALUES (3, 'Martha Koreses', 'NUST', 'assets/img/youth/Martha-Koreses.JPG');
INSERT or IGNORE INTO youth VALUES (4, 'Lucia Kainamses', 'NUST', 'assets/img/youth/Lucia Kainamses.JPG');
INSERT or IGNORE INTO youth VALUES (5, 'Helena Afrikaner', 'Omaheke region', 'assets/img/youth/Helena.PNG');
INSERT or IGNORE INTO youth VALUES (6, 'Willemiena Tjoka', 'NUST', 'assets/img/youth/Willemiena Tjoka Dropout.jpg');
INSERT or IGNORE INTO youth VALUES (7, 'Rocky Dawe', 'NUST', 'assets/img/youth/Rocky Dawe.JPG');
INSERT or IGNORE INTO youth VALUES (8, 'Patronella', 'Zambezi Region', 'assets/img/youth/Petronella.PNG');
INSERT or IGNORE INTO youth VALUES (9, 'Kristof Magot', 'Donkerbos village', 'assets/img/youth/Kristof Magot.JPG');
INSERT or IGNORE INTO youth VALUES (10, 'Morris', 'NUST', 'assets/img/youth/default.jpg');
INSERT or IGNORE INTO youth VALUES (11, 'Ivan', 'NUST', 'assets/img/youth/Ivan.PNG');
INSERT or IGNORE INTO youth VALUES (12, 'Dam', 'NUST', 'assets/img/youth/default.jpg');
INSERT or IGNORE INTO youth VALUES (13, 'Dina Magot', 'NUST', 'assets/img/youth/Dina Magot.JPG');
INSERT or IGNORE INTO youth VALUES (14, 'Dennis', 'IUM/ Zambezi Region', 'assets/img/youth/Dennis.PNG');
INSERT or IGNORE INTO youth VALUES (15, 'Chistian', ' Kunene Region', 'assets/img/youth/Christian.JPG');
INSERT or IGNORE INTO youth VALUES (16, 'Dakes', 'NUST', 'assets/img/youth/Dakes.PNG');
INSERT or IGNORE INTO youth VALUES (17, 'Tsimkao Keiseb', 'Donkerbos village', 'assets/img/youth/Tsamkao Magotsi.JPG');
INSERT or IGNORE INTO youth VALUES (18, 'Fritz Tsimkao', 'Donkerbos village', 'assets/img/youth/Kud.JPG');

CREATE TABLE IF NOT EXISTS story_type(type_id INTEGER PRIMARY KEY AUTOINCREMENT,title TEXT, img TEXT);
INSERT or IGNORE INTO story_type VALUES (1, 'Education', 'assets/img/general/Group.jpg');
INSERT or IGNORE INTO story_type VALUES (2, 'Personal Life', 'assets/img/general/OUma 1.jpg');
INSERT or IGNORE INTO story_type VALUES (3, 'Social', 'assets/img/general/Oupa _SAN pic.jpg');
INSERT or IGNORE INTO story_type VALUES (4, 'Family', 'assets/img/general/OUma 2.jpg');
INSERT or IGNORE INTO story_type VALUES (5, 'Emotional', 'assets/img/general/Helena.jpg');
INSERT or IGNORE INTO story_type VALUES (6, 'Finance', 'assets/img/general/Kids 2.JPG');

CREATE TABLE IF NOT EXISTS story_topic(topic_id INTEGER PRIMARY KEY AUTOINCREMENT, story_type ,topic_title TEXT);
INSERT or IGNORE INTO story_topic VALUES (1, 1, 'Teacher Support' );
INSERT or IGNORE INTO story_topic VALUES (2, 1, 'Accomodation' );
INSERT or IGNORE INTO story_topic VALUES (3, 1, 'Government Support' );
INSERT or IGNORE INTO story_topic VALUES (4, 2, 'Pregnancy' );
INSERT or IGNORE INTO story_topic VALUES (5, 2, 'Relationships' );
INSERT or IGNORE INTO story_topic VALUES (6, 2, 'Morals' );
INSERT or IGNORE INTO story_topic VALUES (7, 3, 'Bullying' );
INSERT or IGNORE INTO story_topic VALUES (8, 3, 'Social Identity' );
INSERT or IGNORE INTO story_topic VALUES (9, 3, 'Well-Being' );
INSERT or IGNORE INTO story_topic VALUES (10, 4, 'Homesick' );
INSERT or IGNORE INTO story_topic VALUES (11, 4, 'Parental Obligation' );
INSERT or IGNORE INTO story_topic VALUES (12, 4, 'Family Support' );
INSERT or IGNORE INTO story_topic VALUES (13, 5, 'Inferior' );
INSERT or IGNORE INTO story_topic VALUES (14, 5, 'Loneliness' );
INSERT or IGNORE INTO story_topic VALUES (15, 6, 'Hunger' );
INSERT or IGNORE INTO story_topic VALUES (16, 6, 'Toiletries' );
INSERT or IGNORE INTO story_topic VALUES (17, 6, 'Transport' );

CREATE TABLE IF NOT EXISTS stories (story_id INTEGER PRIMARY KEY AUTOINCREMENT, story_type INTEGER, story_topic INTEGER,  body TEXT, title TEXT, motivation TEXT, youth INTEGER);
INSERT or IGNORE INTO stories VALUES (1, 1, 1, 'Hallo, I am Helena. I from the Omaheke region. Despite the challenges I had to go through, I worked hard to excel in life and that is why I am successful today. My parents were absent in my life as they were always busy drinking or away from home and as a result no one could help me with schoolwork. I was fortunately with good teachers that were always helpful and supportive to me. I do understand that it is not always to keep all learners in class motivated at once as it takes effort of techniques for each learner. Some learners feel like giving up when the going gets tough.', 
'Supportive teachers' ,
'When you want to have a better life and benefit later, you need to study now. If you want to make a bright future for yourself know that, you are capable to make it happen. There are other people including your teachers you can lean from so be open to it. Do not always feel pity for yourself by being the victim but do something for yourself. You do not own all the problems in the world, other people also go through problems but they made it through life and are successful. Stop complaining and take advantage of the opportunities given to you. San learners have more privileges that other learners or students do not have. ', 
5);

INSERT or IGNORE INTO stories VALUES (2, 1, 1, 'In high school, I always looked up to my teacher for inspiration. This teacher was always encouraging and helpful in almost all aspects concerning my school career. Another teacher also motivated me and advised me not to give up. Think about your passion and desires, what fits you best and what you want from life and work towards it.', 
'Inspirational teachers' ,
'In life you will go through many obstacles not easy but don’t give up. Do not let hunger or what your friends do get you down. Do not drop out because your friends drop out. Always ask for help from other people. Never give up. I am a person with discipline self-determination, respect, and focused. You don’t always have it all just focus on your objectives and goal.', 
1);

INSERT or IGNORE INTO stories VALUES (3, 1, 1, 'Teachers can advise you and motivate you but no one is going to push you to learn throughout your life. You are responsible for your own life and need to set your own goals and expectations. So identify what you want to achieve in life and you will be one of the most successful San kids. A teacher from my previous school advised me how not give up even when I fail at times and to keep on studying and keep myself busy daily. She gave me a timetable to help me keep track of my studies as scheduled. Later I looked for opportunities for work after failing grade 10 but it did not succeed. Back home in the village the San Counsel advised me to make use of the program the government is providing for the San youth to study. I visited the office of NTA to see authorized colleges for me to approach to further my studies. I then was accepted at VTC to do auto mechanics even though my dream was to study ICT.  The government paid for all fees and provided accommodation for us.  ', 
'Teacher Advisors' ,
'Know who you are and why you are in school. Set your own goals and timeframes to them as this can help you stay focused. Look forward to achieve your goals and find joy through your journey. ', 
15);

INSERT or IGNORE INTO stories VALUES (4, 1, 1, 'The pressure I got from schoolteachers were not heavy on me to the extent to be unbearable. Later I ended up joining other San kids with the same problem to go hide in the bushes and only coming back to the hostel for lunch. Eventually I dropped out of school and went back to the village but today I regret my decision to dropout, as I am not in a better stat now.I hope teachers could take time to know the background of their learners in class to motivate them accordingly. Teachers should talk to their learners individually to recognize their unique challenges.', 
'Teachers should talk' ,
'Remember studying is a great ways to develop yourself and create a better life for yourself. I urge my fellow San kids to find the courage to talk to your teacher about your personal challenges rather than hiding and making the wrong decisions. Teachers, government and parents are there to assist and motivate you in your school life cycle walk.', 
4);

INSERT or IGNORE INTO stories VALUES (5, 1, 2, 'My journey to educational success started a few years ago while I was still a little boy in the Kunene Region of Namibia. Let me share with you my experience as a San student. I did not had a very good start with my school career but a successful conclusion. The government paid for all my college fees and provided accommodation for me even though it was far and transportation was a challenge. Today I am a proud San because of my educational achievement and I want the same for other San children.', 
'Government Accomodation' ,
'Your problem is not the problem but rather your reaction to it is your problem. You should have a high expectation for success in your life. What would you want to be one day when you grow up? A teacher, lawyer, medical doctor, sociologist, journalist, information technologist, nurse, accountant. You choose and work towards your dream. Do not be distracted by your current circumstances. ', 
15);

INSERT or IGNORE INTO stories VALUES (6, 1, 2, 'I am grateful the government provided accommodation for the San students even though we were a bit overcrowded and it was a bit far. The place was not conducive either as it made it hard to study in a crowed place. Evicted from the house where we were staying was the biggest ordeal we had to face. We ended up on the streets looking for a place to stay. Nevertheless, I could not complain but focus on my studies because I was hunger for success. The only way we could overcome the low education achievement for the San community is if the current generation contribute to make a change.  I want to be part of this initiative to make a change.', 
'Overcrowded Accomodation' ,
'The San community of Namibia are one of the most poor and under educated community in the country.  Education is the key to change this state for the San community and you can contribute to this by studying hard.', 
1);

INSERT or IGNORE INTO stories VALUES (7, 1, 2, 'Even though there was no high school in our village, I was at ease to leave the village as the government provided accommodation for us in the hostel. Some of us were lucky enough to get into secondary schools not too far from our village. Going home to the village for school holidays was one of the biggest challenges I had to face. I dropped out of school, which I regret today. ', 
'Hostel Accomodation' ,
'You can get a new life through education so please do not give up until you complete high school. You are not in control of what is happening to you but your reaction will determine your outcome. So take a good look at your own reactions to life’s challenges.', 
4);

INSERT or IGNORE INTO stories VALUES (8, 1, 3, 'My school career was not easy, as I had to face many challenges. I then heard people talking about the San development program offered by the government so I inquired about the program as I could see hope in it. Eventually, I got assistance from the government and registered at Monotronics College where I completed my advanced diploma. Currently I am studying at IUM for a Bachelor’s Degree. The government is pursuing to maintain their educational goals to provide free education. Nevertheless, every human being have a fundamental motivation from within. Doing something that is of great interest to you is a sign of motivation within you.', 
'Pursuing Degree IUM' ,
'I hope education is of great interest to you driven by that motivation within, as through education you will gain personal benefit. When you find a purpose to study even though there is a reward or not it will not affect you in a negative way. You are responsible to develop inner motivation and purpose to study. Never give up in live no matter how tough it is as there is no simple or easy way in life to get to success. The only key to make you equal to your friend is education because when you are educated your friends who were making fun of you and seen you as inferior will start to respect you', 
14);

INSERT or IGNORE INTO stories VALUES (9, 1, 3, 'I am from the Zambezi region. My school years were not easy, as I had to walk long distance to school and back on a daily basis. My high school year was even worse as going to boarding school far from my parents was not a pleasant feeling.  However, I passed grade 12. I then went to the city for tertiary education with the help of the government’s support program. We do appreciate what the government is doing by paying for our tuition fees. Support from the government is improve academic achievement for the San children.', 
'Government Paid Tuition' ,
'I know it is not easy to study whether you are in primary school, high school or in college; you have the ability to make it a success. From birth to an adult learning is a vital factor of your life. You need to find a way to motivate yourself to keep on studying.', 
8);

INSERT or IGNORE INTO stories VALUES (10, 1, 3, 'I did not have an easy school career but managed to complete grade 12. After finishing grade 12, my brother told me about a program by the government that give support to San children to further their studies. With this assistance, I enrolled at Lingua College where I completed my diploma and moved on the IUM for my degree. The day you realise you are actually in charge of your own life, dealing with your own challenges in life, your situation will change for the better. This made me get going to build a life that matters.', 
'Government supported' ,
'Do not play the blame game it will never empower you. The government is doing much to contribute to your success but it should be a combined effort. There is no shortcut in life so always consider you education and you will be successful.', 
2);

INSERT or IGNORE INTO stories VALUES (11, 1, 3, 'School is where learners should feel a sense of support and accepted by teachers and fellow learners. I never felt any of that. Leaving the village for high school in a bigger town was frightening let alone finding accommodation in the hostel. I had to stay with relatives in the suburbs of Gobabis as the school had no accommodation. I appreciate the support the government is currently giving to the San learners in particular. This will improve the San learner’s engagement and help them achieve educational success.', 
'San Government Support' ,
'Do not drop out as I did, as you will regret later. Always ask for help from other people especially the government. Back then when I dropped out the government were not really helping but today you are fortunate to get support from the government. The government provides free accommodation and transport for you to go back to the village unlike us some years back where we had to look for transport ourselves.', 
17);

INSERT or IGNORE INTO stories VALUES (12, 1, 3, 'In 2010, I left the village and had to start high school grade 8 in the urban area High school Winnie Du Plessis high school. I am one of the fortunate people who got support from government to buy school uniform and books. The Omaheke San Trust also helped with funding for school supplies. This was a great motivation for me to push beyond my limits to accomplish my goal. As the years advanced and I reached grade 10, I started to feel more pressure and less support and care from my teachers and had no more zeal for school.', 
'Government Support Books' ,
'You are fortunate that the government is helping with transportation so make the best of the opportunity given to you. I am asking my fellow San learners in school not to give up but to hold on and complete their school and develop themselves. Please give attention to your schoolwork as this is the key to success for you.', 
9);

INSERT or IGNORE INTO stories VALUES (13, 2, 4, 'Growing up today is challenging. Teens live in a culture that sends them mixed and often destructive messages about sexuality, relationships, and developing a mature identity. Even the most advantaged teen face pressure to make unwise and unhealthy decisions about sex. Let me share with you my personal life experience and the consequences I had to face. Something drastically happened to me while I was in grade 10 that changed my life drastically. I fell pregnant and had no choice to drop out of school. I stayed home in the village for about two years to look after my baby. It is very difficult to get pregnant while you are a teenager and still in school. You cannot support yourself yet you are having a baby to take care of. When it comes to preventing pregnancy, you really should abstain as a teenager.', 
'Early Pregnancy' ,
'Have the desire to enjoy being a teenager without worrying about the emotional commitment of relationships and the risks involved with having sex. Do not get involved in sexual acts while you are still in school. Abstinence is the only 100% safe way to avoid teenage pregnancy, STDs', 
8);

INSERT or IGNORE INTO stories VALUES (14, 2, 4, 'If you get involved, in a sexual relationship, you should think about the negative impact teenage pregnancy and sexual transmitted diseases may have on your life goals. Rather think about your goals and dreams for the future and what steps you will take in order to make those dreams come true. I, Martha dropped out of school while in grade 6 after failing the grade and never even reached high school at all. Shortly after leaving school, I fell pregnant. I regret my actions as I am in a challenge to support my child but have no employment. My dream now is to find a job to keep me busy or to do something to develop myself to become a better person. It is not a good idea to be a teenage parent at all. Develop healthy relationships and avoid teen dating.', 
'Pregnancy Challenges' ,
'My message and encouragement to those still in school is to persevere and not dropout as you will regret as me. When I look at the other kids who successfully completed school, I feel sad. I have a deep desire to go back to school but unfortunately have a child already and time passed me by.', 
3);

INSERT or IGNORE INTO stories VALUES (15, 2, 4, 'I was in Drimopsis primary school and shocked by the things happening there. Drimopsis had many distractions like too many shebeens, which is a big distraction for the youth. Young girls aged 12 are falling pregnant while in school. You should make responsible choices and adopt healthy behaviors so you can reach your fullest potential. Life is very different now from when I grew up. It is more difficult and complicated for young people. There are so many risks involved when a teenager indulge in sexual. It is important to talk openly with your parents or teacher for more advice on how to keep yourself healthy and safe from sexual acts', 
'Distractions' ,
'Did you know that teenage pregnancy have a negative impact on your life goals? I advise you to reflect on your personal life and identify your goals and dreams for the future then discover what steps you need to take in order to make your dreams come true. ', 
5);

INSERT or IGNORE INTO stories VALUES (16, 2, 5, 'When I started high school, I was associated with bad friends who exposed me to bad things like drinking and romantic relationships. It is human nature and natural to experience love during our teenage years and it is good to feel loved and to love someone. Love adds richness and happiness to our lives. It makes us feel important, understood and secure. However, as a teenager the only important thing that you should do is to focus on your education and make life meaningful by pursuing the purpose for which you go school. Each of you has a specific purpose and power that lies within you to making your dreams come true.', 
'Romantic Relationships' ,
'It is advisable for teenagers to rather maintain friendly relationships, but not romantic.  Listen to your parent’s advice, it can help you build self-esteem, perseverance and to become more independent. I know as a teenager you can get curious about romance and want to experiment. Nevertheless, the best way to handle these feelings is by staying engaged in school activities. Let your schoolwork come first over a relationship.', 
15);

INSERT or IGNORE INTO stories VALUES (17, 2, 5, 'Many teenagers indulge in romantic relationships where they fall pregnant before they are even ready to support a child of their own. Many teens have the false belief that they will manage and get most happiness from a girlfriend/boyfriend. However, it is just a trap, which will distract your personal educational journey. Instead, you should focus on your educational career, how you can perform your utmost best in everything you do. It is not wrong to find true love. However, being in a romantic relationship at such a young age is not normal. I hope you can learn from my experience not to make the same mistake. I got involved in a romantic relationship as a teenager. This was my biggest distraction as my boyfriend kept me too busy with romance. It did not take long before I dropped out of school because I could not focus on my schoolwork anymore. Now I am home, bored and have nothing to keep myself busy with either. My sister also dropped out of school the same way I did as she had a boyfriend too and thus lost interest in school. My friends who was attending the same school with me also dropped out of school, got boyfriends and fell pregnant as well.', 
'Teen Relationships' ,
'It is the parents’ duty to guide their children on the right path so please listen to your parents or teachers advice. Relationships might hinder you from achieving your dreams so rather avoid it while a teenager. ', 
3);

INSERT or IGNORE INTO stories VALUES (18, 2, 5, 'I dropped out of school because I got involved in a romantic relationship, which was a distraction to my progress in school. The principal was later concerned that I might influence the other girls so I was expelled from school.To be a teenager is the most vulnerable stage of your life. Your life can permanently be changed and subjected to greater responsibilities of a family, having children at young age while studying can be more difficult to pursue because of a small mistake of dating. However, dating is not a dreadful activity as many think so but can certainly can twist the path of life if not done at the right stage and with wisdom and understanding. Listen to your parents, guardians and teachers advice; concentrate more on your schoolwork for a bright future. There will be ample time for romance and date in later stages of life when you graduate from high school.', 
'Dating Mistakes' ,
'Having a life partner is a psychological need, but waiting for the right time is what makes everything perfect. In addition, opting to date instead of studies will mislead one from the journey of life. A teenager’s first priority ought to be their studies, not romance.', 
6);

INSERT or IGNORE INTO stories VALUES (19, 2, 6, 'I went through a childhood that was challenging because of my identity as a San. In life, our character is rooted on principles or moral of right and wrong; good and bad behavior. In most schools, children taught about acceptable moral behaviors. This will equip you as a person to understand what is good or bad behavior so that you can be a good citizen when you are a grown up. Some of the problems that shows absence on moral values are bullying, smoking, fighting, disrespecting parents or teachers and no interest in going to school. ', 
'Charater' ,
'I hope you get the understanding that going to school is part of moral values to be a good citizen for your country. Find inspiration hang on to your dreams because you define meaning in your life.', 
6);

INSERT or IGNORE INTO stories VALUES (20, 2, 6, 'Going to school was never easy for me because I was discriminated but I did because I knew it was the right thing to do. I am a disciplined person with self-determination, respect, and focused. Even if you have some challenges just focus on achieving your objectives and goal.Going to school is the right thing to do and shows your good character as a person. By studying, you are not just helping yourself to a better life but you are contributing to the economy of the country. Without the self-discipline, you will not be a responsible person and will make wrong choices in life that will cause you grief and pain in life. ', 
'Self-discipline' ,
'In life, you will go through many obstacles not easy but do not give up. Do not let your challenges or negative influence of friends do get you down. Do not drop out because your friends drop out. Always ask for help from other people. Never give up.', 
1);

INSERT or IGNORE INTO stories VALUES (21, 3, 7, 'I am Petronella from the Zambezi region.Bullying can be physical, verbal or it can be psychological and emotional. When someone hit, punch or even push you it is called physical bullying. When another child is calling you names or threatens you it known as verbal abuse. When they talk behind your back by spreading rumors about you or excluding you because you are not from the same tribe is known as emotional bullying. This happened to me while in school; I was a victim of verbal bullying. Other kids often used to call me all sorts of names and this made me sad. This kind of bullying causes many San kids to drop out of school. People in general do not understand what San kids are going through. I was very smart and one of the best performing learners in school, infect the 2nd best learner. Teachers motivating me and being the best learner in school was a big motivation for me not to drop out of school.', 
'Bullies' ,
'I want to advice you how to be stronger or stand your ground when being bullied by other kids. Say this:  Yeah, whatever, and then walk away. In addition, practice looking at the color of your friends eyes and then you do the same thing to the kid who is bothering you. This will help you to hold your head up and be more confident.', 
8);

INSERT or IGNORE INTO stories VALUES (22, 3, 7, 'I am Dakes and am a victim of bullying. Other kids were calling me by names and discriminating against me as a San. Bullying went to such an extent that I considered dropping out of school. I completed primary school and enrolled for high school even though I experienced bullying. What kept me going and motivated was the way my parents were suffering was upsetting to me so I thought I do not want to end up like them. Bullying is not a pleasant experience to anyone as it can leave a deep emotional scar and in extreme situations, it can cause a child not wanting to go to school. There are many reasons why kid are bullying other kids. It could be because they have a low self-esteem and thus looking for another kid who appears weaker than they do or looks different from all other kids. They think this will help them feeling more important and in control. Also sometimes kids torment others because that is the way they have been treated themselves. ', 
'Bully Victim' ,
'My motivation to those ones still in school is that they should not give up. It is not your fault you are bullied so do not feel guilty but be brave. When it gets out of hand talk to your teacher or the principal about it. Most schools have bullying policies and anti-bullying programs.', 
16);

INSERT or IGNORE INTO stories VALUES (23, 3, 7, 'I am Kapembe and was a victim to bullying just like many other San children. As a san, I was always discriminated against and called all sorts of names. Some bullies think their behavior is normal because they come from families or other settings where everyone regularly gets angry and shouts or calls each other names. Going through bullying can destroy your confidence level so guard against it by spending time with other kids to or friends who have a positive influence. Try to participation in sports at school, or other enjoyable activities to build strength and friendships. While in school, I looked up to up to a teacher as a role model as he was always encouraging and helpful to me. Another teacher also motivated me and advised me not to give up on school and myself.', 
'School Bullying' ,
'I want to encourage my fellow San learners not to be discouraged by what others are saying about you. Never give up but to take opportunities given and make the best of it. By ignoring the bully, you are showing that you do not care. Eventually, the bully will probably get bored with trying to bother you. When someone says something bad about you, say something positive to yourself to stay strong. Remind yourself of your positive attributes. The bully wants to hurt your feelings, so act like his name-calling and taunts do not hurt. Laugh at his threats and walk away from him.', 
1);

INSERT or IGNORE INTO stories VALUES (24, 3, 8, 'My name is Dennis, I grew up in the Zambezi Region. Life became even tougher with no family support after my grandmother passed on while I was in grade 6. Growing up was never easy for me, but I hope that my thoughtful story can be an inspiration for the san youngsters who still need to complete their school life cycle. Building positive relationships with other children, teachers and parents can help you develop a strong identity of who you are. You should understand that your actions have a negative or positive impact not just on yourselves but other people around you as well. All human beings have some similarities and differences so be comfortable and confident in who you are as a San child. How I overcame all most of my challenges was by finding weekend employments to earn some income to buy myself school uniform and other school supplies. ', 
'Positivity' ,
'Be encourage to solve problems at school or home and do not drop out but keep going when things get tough. Say positive things to yourself like “I can. I know I can.” Everything that you do or do not do comes down to confidence. Always believe in yourself even when it is not easy. The only key to make you equal to your friend is education because when you are educated your friends who were making fun of you and seen you as inferior will start to respect you. ', 
14);

INSERT or IGNORE INTO stories VALUES (25, 3, 8, 'Being a san child was very difficult for me especially my primary school career. Despite the challenges I had to go through, I worked hard to excel in life and that is why I am successful and still proud to be a San child today. Culture for many people is a fundamental and very important aspect of self-definition in social identity. Do not be shy to take pride in your cultural values, home language and be encouraged to speak your home languages, or listen to your cultural music. In the Namibia, we are categorized citizens in terms of basic 11 ethnic categories, such as, Tswana, Ovambo, Himba, Herero, Coloured, San and many others. Anyone can dance! Anyone can move their body to music that makes them feel good. So focus on feeling good and the it will come naturally. Concerning being successful, just like finding the right songs, you must find yourself!', 
'San Identity' ,
'I want to advise you not to let what you cannot do stop you from doing what you can do. Sometimes we as San make things more complicated than they really are. Sometimes we focus on all the negative and bad things like being bullied or poverty. Just focus on what you can do, right now, where you are to make a positive change. Stop complaining and take advantage of the opportunities given to you. San learners have more privileges that other learners or students do not have. ', 
5);

INSERT or IGNORE INTO stories VALUES (26, 3, 8, 'People are often motivated to feel and think positive about themselves and maintain their self-esteem. What I kept on reminding myself is that education is the reason why I am in school. Therefore, I made a conscious decision to ignore those that bullied me. We as the San kids are always seen as inferior to others in general in life and if you do not have a heart like mine to ignore such you might fail or drop out of school. You should rather have a positive perception and identity about yourself as a San. You are not less than the kids of other ethnic groups are. You are all at school for a common goal, which is to successfully complete school. ', 
'San Self Esteem' ,
'Learn to be the best of yourself, how to handle tough situations and choose good friends. Learn to focus on the positive in your life and learn how to believe in yourself. Be proud to be a San kid by embracing your culture and family history. Learn how to imagine a life better than your current situation. Learn to love yourself. Do not conclude or perceive your cultural differences as a central, leading feature of identity. Be proud of who you are and accept cultural differences.', 
7);

INSERT or IGNORE INTO stories VALUES (27, 3, 9, 'Being a san child was very difficult for me especially my primary school career. Wellbeing a state of being comfortable, healthy, or happy and I never experienced any of that. Bad things do happen; how I respond to them defines my character and the quality of my life. I can choose to sit in perpetual sadness, immobilized by the gravity of my loss, or I can choose to rise from the pain and treasure the most precious gift I have - life itself. It is important for you to understand and express your feelings and behaviors in ways that will facilitate positive relationships. These behaviors include active listening, self-regulation, and effective communication. Teachers and parents helps you to see that every social interaction is tied to an emotional reaction; learn to avoid impulsive behavior and think through difficult situations before making a decision.', 
'Self Expression' ,
'Do not always feel pity for yourself by being the victim but do something for yourself. It is up to you to make healthy choices not just for the advantage of your body but your mental health as well by renewing your mind daily.', 
5);

INSERT or IGNORE INTO stories VALUES (28, 3, 9, 'We were faced by challenges but because I never give up on myself but rather pushed through I made it to through to graduate from high school. The most exciting part was the fact that I was one of the best learners in school. Loving yourself is not hard, when you understand who and what yourself is. It has nothing to do with the shape of your face, the size of your eyes, the length of your hair or the quality of your clothes. Its so beyond all of those things and its what gives life to everything about you. Your own self is such a treasure. The only way forward, if we are going to improve the quality of the environment, is to get everybody involved. You should engage in conversations about your feelings, physical sensations, and mental states, to better express yourself to others. You will begin to develop skills that help you think through reactions and improve adaptability and self-confidence.', 
'Self Expression' ,
'What you are going through are just obstacles to you need to pass to get to success. Just know that you are beautiful, worthy and lovable and deserve to be happy. You can achieve great things in life. Each challenge we come across in life gives us an opportunity to improve our circumstances. Use the opportunity given to you through willingness to complete grade 12 and get to university.', 
7);

INSERT or IGNORE INTO stories VALUES (29, 3, 9, 'Despite the hardship I had to face I was motivated and had the ability to adapt to stress. Everyone has the ability to increase adaptability to stress. It requires hard work and dedication, but over time, you can equip yourself to handle whatever life throws your way without adverse effects to your health. Training your brain to manage stress will not just affect the quality of your life, but also perhaps even the length of it. Ever since I was a child, I have had this instinctive urge for expansion and growth. To me, the function and duty of a quality human being is the sincere and honest development of ones potential.', 
'Dedication' ,
'I want to encourage my fellow San learners not to be discouraged by what others are saying about you and to never give up but to take opportunities given and make the best of it. You have to take that responsibility to save yourself and have a healthier mind as the doctor cannot do that for you same way a nutritionist will not make you lose weight. A hero is an ordinary individual who finds the strength to persevere and endure in spite of overwhelming obstacles.', 
1);

INSERT or IGNORE INTO stories VALUES (30, 4, 10, 'I also had to leave home for school and that was a challenge for me. Home is a place where you feel safe, comfortable and have good friends to play with. You will miss your brothers and sisters. However, I managed as I had a passion to become successful in life. I quickly made new friends that I could play with and talk to when I felt homesick.', 
'Leaving Home' ,
'It is natural to feel homesick for a child when you leave home for boarding school but can be a challenge at the same time. However, there is no medicine to cure the feeling of missing home so try to cope. Nevertheless, let me advice you to try to make new friends just as I did.', 
5);

INSERT or IGNORE INTO stories VALUES (31, 4, 10, 'Adapting a new environment and making new friends is not that easy. Homesick is temporary and the feeling will not last for long so hang in there. Going through this challenge will help you make your own decisions and judgements in life. I made new friends very quickly and I enjoyed their company. However, I dropped out of school and stayed home in the village for about two years. I felt lonely as I left my friends in high school when I dropped out. This was a motivation for me to go back to school, as I could not wait to meet up with my friends again.', 
'Homesickness' ,
'Resist the temptation to drop out as I did but hold on the storm will be over sooner than you think or imagine. Keep yourself busy with your schoolwork and take part in other school activities to direct your attention from this homesick feeling. Do not always depend on your parents or others but be independent and make your own decisions', 
8);

INSERT or IGNORE INTO stories VALUES (32, 4, 10, 'Family love and care is a need for every child. I felt nothing but love and care from my family. This gave me a sense of belonging. However, I do not think I was well prepared enough for what was waiting for me when I had to go to high school. I had no idea of the pressure and challenges that was waiting for me. School was far from home so my parents wasn’t always be around to support or motivate me. Teachers also never supported us as they would have promised in the beginning of the semester and neither did our parents. At times I would get so lonely and miss home so much. It was a group decision between me and others from the same village not return to school after holidays.', 
'Homesickness Pressure' ,
'When you are at school just focus on school things and when you get home you can do home things. Your life as a learner might not be easy when it comes to leaving home for boarding school but remember it is all for the sake of education and a better future.', 
13);

INSERT or IGNORE INTO stories VALUES (33, 4, 11, 'It is a parent’s obligation to support their children not just financially but in their growing stage. This process will continue until they reach a certain age where they are more independent. This does not mean you should take your time to be self-sufficient but to use opportunity given to you to get self-sufficient by a certain age. I hope my story can inspire you that even though your parent are not present or able to care for you as a child, you can achieve success with the help the government and other family members provide. I grew up with my unemployed grandmother, as my mother was not present in my life and my father past away while I was still a little boy. I had to endure many challenges as a child throughout my school career but managed to get to college. Today I am proud of my achievement and my current progress to develop myself', 
'Parental Support' ,
'It is a parent’s obligation to support their children not just financially but in their growing stage. This process will continue until they reach a certain age where they are more independent. This does not mean you should take your time to be self-sufficient but to use opportunity given to you to get self-sufficient by a certain age. I hope my story can inspire you that even though your parent are not present or able to care for you as a child, you can achieve success with the help the government and other family members provide. I grew up with my unemployed grandmother, as my mother was not present in my life and my father past away while I was still a little boy. I had to endure many challenges as a child throughout my school career but managed to get to college. Today I am proud of my achievement and my current progress to develop myself', 
14);

INSERT or IGNORE INTO stories VALUES (34, 4, 11, 'It is the parent’s duty to take care of you but you need to bring your obedience too. I was that naughty little boy that could never adhere to teaching and advice from my parents or teachers. I was involved in so many fights frequently and permanently excluded from attending a school. My parents later gave up on me, as they too were tired of keeping up with me as a troubled kid. Later when I got to high school, I came to my senses that I need to take education seriously else I will become a street kid. ', 
'Parental Discipline' ,
'It is our parent’s obligations to care for us as kids but they cannot force us to be obedient. Respect your parents, elders, teachers and other learners. Furthermore, self -discipline is key to success so if you want to make it to the end you need to discipline yourself.', 
11);

INSERT or IGNORE INTO stories VALUES (35, 4, 11, 'My parents were always supportive even though they had a financial challenge. They were so much motivating and advising me to go to school as they had hope for me to become a better person in life. I also had challenges regarding school supplies but my parents tried their best to support me in their weakness. What actually distracted me from school was my boyfriend that eventually caused me to drop out of school. My parents did not like the idea as they had hope that one day I will be successful after completing school and help them financially. They encouraged me to go back to school but I was stubborn, as I did not understand the implications that comes with it. My dad tried to discipline me to help me not to dropping out of school but unfortunately, they could not get through to me.  ', 
'Parental Support' ,
'When I look at the other kids who successfully completed their school I feel sad and regret my decision to drop out and want to my fellow San kids to learn from my mistake. Listen and adhere to your parents’ discipline, as they know better.  Every parent have that in born responsibility to care for and support his or her kids. Even if they are not educated or do not have money they can still give you good advice about life. Do not let the time and opportunity given to you pass you by but make use of it wisely as life is not getting easier and you are not getting any younger.', 
3);

INSERT or IGNORE INTO stories VALUES (36, 4, 12, 'It is important for kids to be happy and parent should contribute to their happiness. Parent can teach you how to function independently in life. However, you will be accountable for your decisions and actions. When I dropped out of school my parents did not like the idea as they had hope that one day I will be successful after completing school and help them financially. The tried to motivate me but to no avail, as I was stubborn.', 
'Family Accountability' ,
'Listen to your parent’s advice, it can help you build self-esteem, perseverance and to become more independent. When you experience any challenges or discomfort, you need to find a way to solve the problem rather than to drop out of school. The challenges you face now, is part of the process of you growing up and will just make you stronger in life.', 
3);

INSERT or IGNORE INTO stories VALUES (37, 4, 12, 'My parents were very much caring and we had an open relationship. The fact that my parents were always taking us along as they got employment in different areas shows that they were showing responsibility and love. I went into a romantic relationship, which was a distraction to my concentration on school. I eventually dropped out of school. My parents were disappointed and tried to discipline me in all sorts of ways but I kept running from school.', 
'Family Love' ,
'We are all just human and so anyone can make a mistake like the one I did but I have learned a pricy lesson and thus regret. I hope you learn from my mistake and change your mind set about education. ', 
6);

INSERT or IGNORE INTO stories VALUES (38, 4, 12, 'I do belief that parents can and should help their children from a very young age to build a sense of perseverance to be strong when faced with adversity in life. I want to share my story with you today about how my parents were my biggest motivation as a child growing up and especially in my school career. They always reminded me by referring back to their own life of suffering they had to endure because they did not have any education.  They acknowledge their own mistakes and want me to learn from it. They kept on advising me to develop myself through education to have a better life just like any other individual out there. ', 
'Family Support' ,
'Not all of us have parents but I believe you have elders or teachers that are advising you so please do not turn your back but take the advice seriously. I hope that today you can learn from my story that even though you face challenges, you can develop perseverance through it all.', 
7);

INSERT or IGNORE INTO stories VALUES (39, 4, 12, 'I had both my parents but they were not really bonding with me in a way to shape my character. I grew up in an environment where my parents were alcoholics and were always fighting. However, teachers at school were always helpful in many ways. I kept on motivating myself with scriptures from the bible to honor my parents and that meant to teachers and elders as well. That helped me to take advice from teachers seriously. I graduated from high school and now enrolled at the University of Namibia after getting assistance from the division of marginalized community office. ', 
'Outside Family' ,
'Gratitude will open many doors for you so stop complaining and start using your ability to develop yourself to get a better life. It is not always that your biological parents will support us but still let this not hold you back. If you want to make a bright future for yourself know that, you are capable to make it happen. There are other people including your teachers you can lean from so be open to it. Do not always feel pity for yourself by being the victim but do something for yourself. You do not own all the problems in the world, other people also go through problems but they made it through life and are successful. Many people are graduating from the Universities here in Namibia yearly so you will not get a job without any qualification. Stop complaining and take advantage of the opportunities given to you. San learners have more privileges that other learners or students do not have.', 
5);

INSERT or IGNORE INTO stories VALUES (40, 5, 13, 'Though we look different as people, we all have feelings that comes from your heart but some people in general see San as inferior to other tribes and if you do not have a strong heart like me to ignore such you might feel offended and give up on your dreams. Learners from wealthy families made fun of me as a San child not wearing nice or modern clothes. I made a decision to ignore them and rather focus on my educational goal. It takes practice; courage and perseverance to get to your dream just do not give up or lose sight of your dream until it becomes a reality.', 
'San Strength' ,
'Do not let others defined who or what you are. You are in charge of your own emotions and life. You are an amazing and unique person who can overcome hardship. You have a purpose as a human being and you can discover that purpose through education so just focus on your schoolwork.', 
7);

INSERT or IGNORE INTO stories VALUES (41, 5, 13, 'Belief in yourself! I hope you will find compassion and build self-confidence through my heartwarming story, which will remove fear in your own life. Learn to love yourself for who you are no matter what other may think or say about you. Belief in yourself and know that you can do anything you put your mind to just like any other individual.  Remove the word “cannot” from your thoughts, and say to yourself Yes I can. My school life story started with lots of challenges but had a good ending. I was fortunate as teachers feeling compassion for me as a San child offered to assist me in many ways but the best was the motivation from them not to give up. After talking to the teacher, I realized it is not only the San children going through challenges but other children are also going through challenges but also what makes the difference is it all depends on how you react in response. This motivated me not to give up and I had hope that even better opportunities are waiting for me when I finish grade 12. Today I am glad I completed grade 12 and how I persevered after going through a hard and bumpy journey of my school career. If I could do it, you can also do it!', 
'San Self-Belief' ,
'Be yourself and do not take to hart what other are saying about you to discourage you. There is no shortcut in life so always consider you education and you will be successful. How you see yourself and how you feel about yourself is more important then what others are saying so do not look down on yourself but lift your head high and be proud of who you are.', 
2);

INSERT or IGNORE INTO stories VALUES (42, 5, 13, 'Do not drop out of school like I did, you and I can make a difference for the San community. I want to share with you my personal experienced when I dropped out of school. I was in a dark emotional place of pain and sorrow however I could still see hope in the mist of all challenges. My dream to become a teacher one day helped me not to stay in that dark emotional place but to get back on my feet in order to make my dream come true. The younger kids used to laughing at me all the time because I was much older then them.', 
'Respect' ,
'Never give up on yourself but lift your head, walk proud and belief in yourself and others will also belief in you. Always be friendly, smile, and sing a song of joy. The only key to make you equal to your friend is education because when you are educated your friends who were making fun of you and seen you as inferior will start to respect you. ', 
14);

INSERT or IGNORE INTO stories VALUES (43, 5, 13, 'Some children from other tribal groups do not understand to be kind do not cost money at all but to be mean can break a heart. Because of my ethnic and economic background, other kids used to bully and make fun of me. Sometimes it might look like other children are well off or are brighter then you and this can make you feel inferior. If you belief and entertain such thoughts you are looking down on yourself and are not doing any justice to yourself. San learners are brilliant just like other children in school.', 
'San Undertanding' ,
'You are incredibly, wonderfully and special made in your own unique way. You have the ability to create a successful and happy life for yourself and make a difference in your community and the country. Continue with your studies no matter whether you are bullied or teased. Life is not always easy but you will reap the fruits at the end, which is your success.', 
8);

INSERT or IGNORE INTO stories VALUES (44, 5, 13, 'I have learned many valuable lessons in life I want to share with you to motivate you. I have learned to be proud of who I am and to love myself the way I am and not to compare myself with others. Fellow learners in grade 5 bullied me to such an extent they were calling me names and discriminating me as a San child. Eventually I finished school and I got acceptance at college where I attended classes and successfully completed my diploma. I furthered my studies by doing Professional Web Design certificate and then got a job and is still in the process to further my studies.', 
'San Life Lessons' ,
'Believe and rely on yourself because you are brilliant and intelligent just as anyone else. You have the ability to be successful in life. When you feel a bit sad, motivate yourself with these words and find something to do to keep busy but also keep on working on something that will help you in life one day', 
16);

INSERT or IGNORE INTO stories VALUES (45, 5, 14, 'I see loneliness as a mix of different emotions like being sad, feeling useless, anxious, shy, or invisible. I had no one to talk to at school about how I feel for comfort or assistance and the pressure just got higher. I isolated myself from other kids in school because I was discriminated as a San child thus became gradually lonely. I had no connection with any teachers or other kids for comfort or assistance so I considered dropping out of school. The loneliness I felt back then was rooted in fear, sadness, and the feeling of powerlessness about my challenges. The very first year in high school, I dropped out. Now I regret dropping out as nothing changed for the better as I thought it would after dropping out but rather became worse.', 
'Fear' ,
'Do not drop out as I did but be kind to yourself and give yourself the opportunity to talk to someone about your challenges.  Every challenge we come across in life gives us an opportunity to improve our circumstances. Never give up, keep on studying, become teachers one day yourselves and have better lives.', 
13);

INSERT or IGNORE INTO stories VALUES (46, 5, 14, 'Take time and talk to somebody, it will lessen your loneliness. Going to boarding school far from my parents was not easy and besides to be a victim of bully made me feel inferior. The financial struggles were so immense that the fellow learners would tease you about how poor you are. When I reached grade 10, I dropped out of school. I soon felt lonely as I missed my friends at school. The feeling of loneliness got intense to an extent that I became confused and insecure. That is when I decided to make a drastic change to my state of mind and situation and went back to school.  I was eager to get to a solution for my future.', 
'Stuggles' ,
'Maybe you miss your parents or you just miss home. Sometimes you are that new kid in class and so you find yourself with other kids in class who know each other and they make you feel out. If you think, other people do not like you, or are discriminating you because you are a San child, talk to your teacher about it to get assistance. Always try to get support by talking to someone who can provide some sort of support or advice you on your problem. Do not focus too much, on who do not like you and rather do something that will make you feel good about yourself.', 
8);

INSERT or IGNORE INTO stories VALUES (47, 5, 14, ' I left the village after grade 7 for high school. Unfortunately, the hostel was full so I could not stay in the hostel where you could get three meals per day. I had to find an alternative solution for accommodation, which was a challenge. My relatives in town accommodated me but they also could not always provide food for me to eat. However, I was fortunate to get support to buy school uniform. My uncle always motivated me and tried to get help from the government to support me. However, I finally dropped out together with other four friends of mine. Today I regret my decision because now I cannot get a proper job without education. My dream is to go back to study should I be given another opportunity one day. I hope my sisters in grade 9 and the younger one in the village will successfully complete their school career. I know my sister in grade 9 are currently experiencing the same problems as I did but she must persevere and improvise. “Be hungry for success, hungry to make your mark, hungry to be seen and to be heard and to have an effect. And as you move up and become successful, make sure also to be hungry for helping others.” Arnold Schwarzenegger', 
'School' ,
'It is advisable to acknowledge and understand our feeling of loneliness and to respond positively by connecting to other. Be yourself and be strong. Do not take to hart any discouragement from your challenges. There is no shortcut in life so always consider your education and you will be successful.', 
12);

INSERT or IGNORE INTO stories VALUES (48, 5, 14, ' The road to success. As a San, discriminated was one of the challenges, I had to endure. While I was in school, I was fortunate to have a teacher I could look up to for motivated and comfort. This teacher was my role model. I think the same way as exercising have a positive outcome; writing can have a positive outcome as well. You could keep a dairy and write down your feelings and thoughts.  This will help you shifting your focus to a more positive way of thinking. You have an inner voice that you can talk to, so why not be your own best friend with kindness when you feel lonely. This will help you to be less dependent on others for comfort and reassurance. There is always that one person that can assist you or simply just motivate you, find that teacher to talk to about your situation.', 
'Success' ,
'Do not blame yourself or anyone for being lonely. Rather try to focus on what is good in your life and avoid worrying about the negatives in your life. Never give up on yourself but rather focus on who you are and where you see yourself in the future.', 
1);

INSERT or IGNORE INTO stories VALUES (49, 6, 15, ' The meaning of hungry is to have a strong desire or craving for something. It is true that foods contains many vitamins, minerals, and calories that your body needs to function and a lack of it can cause deficiencies that can lead to some health problems. Being hungry for educational success is just as important to your career as hunger for your body’s health.  I hope my story can inspire you to be hungry for success so that you may live your dream. Every time you go through physical hunger just remember this: “you should hunger for success as well.” They call me Kapembe but my full name is Simson Kapembe, from Tsumgwe village. I am a person with discipline, self-determination, respect, and focused. I had to endure hardship in many forms. I failed grade 10 and had to repeat the grade to get better results. My hunger for success was my biggest drive to keep on keeping on. Today when I look back on my personal school life, I feel humbled and proud all together. It was not an easy journey however; my hunger for success gave me the ability to achieve success', 
'Hunger for Success' ,
'You do not always have it all in life so just focus on your objectives and goal. In life, you will go through many obstacles that will make life hard to bear but do not give up. Do not let hunger or bad advice from friends get you down. Do not drop out because your friends dropped out. Always ask for help from other people. ', 
1);

INSERT or IGNORE INTO stories VALUES (50, 6, 15, ' I can describe myself as being hungry to succeed and improve myself. I would like to inspire and help you by telling you my personal school life story. My school years were not easy as my family were not financially stable due to unemployment. We did not have any cattle either so we had to plough the fields to survive. Sometimes the whole week would pass by without having a proper meal but I had to walk a long distance to school. I dropped out of school shortly after starting grade 10 due to unforeseen circumstances and I stayed home in the village for about two years. I did regret dropping out as all my friends passed me by and I was home wasting time. I became very lonely, as I no longer had friends to talk to either. That is when I decided to go back to school to complete grade 10. I had very good results for grade 10, as I was one of the best students in school.', 
'Financial Instability' ,
'Do not end up like your parents because you have a better opportunity today to have a better life. Continue with your studies no matter what you are going through. Life is not always easy but you will reap the fruits at the end, which is your success.', 
8);

INSERT or IGNORE INTO stories VALUES (51, 6, 15, ' My challenge was the issue of water in our village Donkerbos. We were compelled to get water from a village called Sonneblom not so far from Donkerbos before going to school. I started staying away from school to avoid being send to get water. I could not join for lunch as part of punishment for refusing to get water and staying away from school. I never reached high school as I dropped out of school in 2010 from primary school. All my brothers dropped out of school as well thus, none of us can help our parents now. The time I dropped out, I enjoyed it staying home as I was still a kid but now that I am grown and have a better understanding of life, I regret dropping out. Sometimes I get employment but then I have to walk far to get to work and the payment is not worth it as it is not helpful at all because of the high living expenses. Currently I am not doing well as I am suffering the consequences of my actions. I have two sisters who are currently in school at Drimopsis grade eight and nine and I hope they will persevere and complete school not to end up like me. ', 
'Water Issues' ,
'I am begging you not to do the same mistake as I did to drop out, as it is not a good thing at all. Please persevere and complete school, as the government is providing help for you currently. ', 
18);

INSERT or IGNORE INTO stories VALUES (52, 6, 15, ' I left the village after grade 7 for high school. Unfortunately, the hostel was full so I could not stay in the hostel where you could get three meals per day. I had to find an alternative solution for accommodation, which was a challenge. My relatives in town accommodated me but they also could not always provide food for me to eat. However, I was fortunate to get support to buy school uniform. My uncle always motivated me and tried to get help from the government to support me. However, I finally dropped out together with other four friends of mine. Today I regret my decision because now I cannot get a proper job without education. My dream is to go back to study should I be given another opportunity one day. I hope my sisters in grade 9 and the younger one in the village will successfully complete their school career. I know my sister in grade 9 are currently experiencing the same problems as I did but she must persevere and improvise. “Be hungry for success, hungry to make your mark, hungry to be seen and to be heard and to have an effect. And as you move up and become successful, make sure also to be hungry for helping others.” Arnold Schwarzenegger ', 
'Employment' ,
'Please study hard and invest in your education to get a proper job in the government office for example to get a salary on time.', 
12);

INSERT or IGNORE INTO stories VALUES (53, 6, 16, 'I grew up in the Omaheke Region. Being a san child was very difficult for me especially my primary school career. Being a child should be fun and jolly but not to me as san child as it was very difficult for me especially my primary school career. I started my school career with Drimopsis primary school. My living environment as a child were not conducive as my parents were addicted to alcohol and were constantly fighting. Even though, I believe in what the bible says about honoring your parents. Thus, I could take advice from teachers and other elders regarding my school career and educations in general. My primary school was a challenge, as we would sometimes not having anything to eat even though the government help with drought relieve food. Winter was worse as my parents could not afford to buy shoes and warm clothes for school. Other challenge while in school was not having any toiletries to take a proper bath. Despite the challenges I had to go through, I worked hard to excel in life and that is why I am successful today. My parents were absent in my life as they were always busy drinking or away from home and as a result no one could help me with schoolwork. Fortunately, teachers were always helpful and supportive. I then had to move to high school from Drimopsis where I stayed in the hostel and got a lot of advice and support from the school principal and financially. I had to find jobs during school holidays just to buy myself school supplies and toiletries. I finally reached grade 12 but however failed it and had to repeat it with Namcol College until I achieved the required points to get to university. I then enrolled at the University of Namibia after getting assistance from the division of marginalized community, office of the president. ', 
'Getting Assistance' ,
'Biological parents do not support us but still let this not hold you back. If you want to make a bright future for yourself know that, you are capable to make it happen. There are other people including your teachers you can lean from so be open to it. Do not always feel pity for yourself by being the victim but do something for yourself. You do not own all the problems in the world, other people also go through problems but they made it through life and are successful. Many people are graduating from the Universities here in Namibia yearly so you will not get a job without any qualification. Stop complaining and take advantage of the opportunities given to you. San learners have more privileges that other learners or students do not have. ', 
5);

INSERT or IGNORE INTO stories VALUES (54, 6, 16, 'I grew up with my unemployed grandmother, as my mother could not take care of me. My father passed on while I was about 6 years old. Life became even tougher with no family support after my grandmother passed on while I was in grade 6. The financial pressure forced me to leave school and go find a job to support siblings and myself. I had sleepless nights, as it was emotionally hurting and disappointing to go through so many challenges as a child. I was in a very dark emotional place of pain and sorrow. I was out of school for about four years before deciding to go back. By then I was much older than my fellow classmates, which resulted in shame as they teased me. My biggest motivation to go back to school was my friends that was in higher grades then me while I was stuck at the village. The same friends that I left in school when I dropped out was about halfway through school and were in town and doing well. I thought that if they could do it then so can I. I thought of my dream of becoming a teacher one day. The teachers were also motivating and supportive and advised me to talk to them should I need help. When I reached grade 7, the pressure was getting too heavy to bear so I decided to go look for my mother. Even though unemployed, my mother could provide me with some toiletries. Through it all, I reached and passed grade 10 even though my results were not so good. Finally, I completed grade 12. I felt a sense of hope when I discovered the San development program offered by the government who assisted me to get into a tertiary institute to further my studies. How I overcame all most of my challenges was by finding weekend employments to earn some income to buy myself school uniform and other school supplies. I completed my advanced diploma Monotronics College and currently studying at IUM for my Bachelor’s Degree. ', 
'Working towards Dreams' ,
'Never give up in live no matter how hard it is as there is no simple or easy way in life to get to success. Most importantly, belief in yourself and understand what is wrong and what is right. Beware of bad advice from friends and substance abuse like alcohol and drugs. Always be humble and prioritise your studies of high importance. The only key to make you equal to your friend is education because when you are educated your friends who were making fun of you and seen you as inferior will start to respect you. ', 
14);

INSERT or IGNORE INTO stories VALUES (55, 6, 16, 'I had to face financial challenges however, my determination to complete school was twofold, firstly the fact that I was one of the best learners in school and secondly teachers motivating me helped me not to dropout. My teacher’s words were: “Keep on, Keep on. You are doing great. One day you will become someone great”; “Look at your background where you are coming from and strive for better.” Generally, I think San learners are brilliant but dropout because they do not know their worth. The brutal reality is that my entire childhood I was walking barefoot and only wore shoes in 2009 for the first time in my life. Others were teasing me about how ugly my feet looked and comparing it to an elephant and this would sometimes make me cry as it made me feel inferior. My financial struggles were so massive that the fellow learners would tease me about how poor I am. However, I persevered and passed grade 12 with a good spirit and energy. I then went to the city for tertiary education with the help of the government’s support program. We do appreciate what the government is doing by paying for our tuition fees. ', 
'Determination' ,
'Check your background where you are coming from and be serious with your studies and schoolwork. San parents do not have proper jobs to support their kids but the government’s assistance is sufficient to get you through education career. Life is not always easy but you will reap the fruits at the end, which is your success.', 
8);

INSERT or IGNORE INTO stories VALUES (56, 6, 17, ' I grew up in the Donkerbos village and completed primary school in the village. I want to share with you my school life story to give you a motivation to San learners. Do not give up as I did but hold and develop yourself for a better and more decent life. This will enable you to support your own children one day. You are fortunate today that the government is helping with transportation so make the best of the opportunity given to you. Please give attention to your schoolwork as this is the key to success. In 2010, I left the village and had to start high school in the urban area. I was a learner at the Winnie Du Plessis High school. I was fortunate enough to get a scholarship from Omaheke San Trust to buy school stuff. In 2011, the challenges became even more but luckily my dad helped me with the little he could. However, it was just not enough to keep me in school, as I had no further support from the San trust for the year. I managed to push through despite the difficulties and passed the year. In 2012, the pressure grew even stronger in grade 10 with an external exam waiting for me where I had to pay some extra fees to be allowed to sit for the final exam. I managed to get an exception letter to allow me to sit for the external exam from Omaheke counsellor but I could still not sit for the exam. That is when I dropped out of school. I would never wish for anyone to go through this, as the suffering I am going through now is unbearable. ', 
'Government Funding' ,
'No matter how much challenges you faced, always continue to push through and believe that it is possible to successfully complete high school. Through education you will be able to live a descend life and support your own children one day. You are fortunate that the government is helping with transportation so make the best of the opportunity given to you. Please give attention to your schoolwork as this is the key to success for you. ', 
9);

INSERT or IGNORE INTO stories VALUES (57, 6, 17, 'I was that struggling kid during my school years but now working hard to support myself. However, my primary years was somehow okay as I successfully finished grade 7 in Donkerbos village. Let me tell you my short story of my high school years. I had to leave the comfort of my village to attend high school in Gobabis. I was doing well and I managed to complete grade 8 and 9 but quickly lost momentum. Transport was one of the problems I had to face. Transport to get back home to the village during school holidays and back to school again for the next semester was challenging. Intuitively in 2013, I concluded that it was not worth the effort to attend school and I dropped out of school and moved back home to the village with my parents. My parents really tried to motivate me to go back and complete school but as they understood my struggles, they soon accepted my situation, as they could not support me financially either. I had built in strength to endure, but it not grounded deep enough to assist me through it all back then resulted in an unfavorable conclusion to drop out of school. After I dropped out, I felt like I have failed myself and were ashamed of my actions. I had to look for any job that would hire me but that was not easy, as I never successfully completed my school career. I motivate the San children to stay in school and never give up, as you are fortunate to get support from the government currently. The government provides some transport for you to go back to the village now unlike with me some years back where we had to look for transport ourselves.', 
'Taking Opportunities' ,
'Every challenge we come across in life gives us an opportunity to improve our circumstances. Use the opportunity given to you through willingness to complete grade 12 and get to university.', 
17);

INSERT or IGNORE INTO stories VALUES (58, 6, 17, 'School life should be the happiest time in our lives but to me it was quite a challenge. Starting in 2002, I attended Masambo Primary school from grade 1 to 4 in the village I grew up were we had to attended class under a tree. In 2005, I moved to a school about 12 km away from my house where I had to walk about 24 km to get to school. Wintertime was even more challenging as we had to face the harsh cold weather condition barefoot or only wearing sandals, as our parents could not afford to buy us warm clothes to wear. We had to get up early in the morning and start to walk to be in time for school. Sometimes we had to walk halfway and make a fire to warm up a bit before proceeding. One great motivation was the school management’s compassion who availed two of the classrooms for us to overnight at school to avoid the lengthy walks in the cold morning. Finally, what helped me to pursue my dream was my parent’s motivation not to give up unless I want to suffer as they do. They advised me to develop myself through education to have a better life just like any other individual out there. The enthusiasm I had to get to the urban area for high school like most San children is what was driving me. My older brother was a good example and inspiration to my dream. My elder brother finished secondary education in an urban school.', 
'School Challenges' ,
'Keep on walking until you reach your dream. Know what you want in life and know what is wrong to stand firm even if anyone make fun of you. What you are going through are just obstacles to block your success – You can overcome them and one day you will not regret when you reach success and become someone else. ', 
7);

INSERT or IGNORE INTO stories VALUES (59, 6, 17, 'My school life journey started with lots of challenges but had a good ending. I lived with my parents in our village. I attended Luvuta Primary school from grade 1 to 4 not so far from our village. I then had to move to another school for grade 5, which was a bit further away from home. Transport from home to school and back was one of the major problems I had to face. I had to walk a long distance to school every day. Finally, one of the teachers staying close to the school offered to take me in when I reached grade 10. This teacher became my role model as she motivated me and helped me belief in myself. After grade 10 I had to change schools again as the school was a junior secondary school. It was still a challenge to go back to the village during out weekends and school holidays. Once again, a teacher felt sorry for me and offered to help me with transport money. This teacher was another role model in my school career as he kept on encouraging me. I finally completed my grade 12 after going through a hard and challenging journey of my school career.', 
'Teachers Help' ,
'Keep on walking until you reach your dream. Know what you want in life and know what is wrong to stand firm even if anyone make fun of you. What you are going through are just obstacles to block your success – You can overcome them and one day you will not regret when you reach success and become someone else. Be yourself and be strong. Do not take to hart any discouragement from other by what they are saying about you. There is no shortcut in life so always consider your education and you will be successful. ', 
2);

INSERT or IGNORE INTO stories VALUES (60, 6, 17, ' I did not grew up with my biological parents. A woman who was a relative to me raised me. Later when I was old enough, I was send to my uncle’s farm to look after the cattle for him. At the age of ten, my uncle enrolled me in primary school to start grade 1. This was a challenge and big life change as I was used to farming and was more concerned about the cattle’s wellbeing. I was much older than the rest of the kids in my class, which was a bit awkward for me. After completing grade one, they transferred me to grade six, as I was too mature to fit in. When I completed primary school and joined high school, my life changed when introduced to alcohol and women. As a result, I fail grade 8. I had to repeat grade 8 but could still not control my bad behavior. My bad behavior got me expelled from school frequently. In the meantime, the cattle I left on the farm died so I realized that I do not have anything to fall back to if I had to lose my place in school. This was my turning point where I realized my rebellious behavior would not take me far in life. I parted ways from bad friends and diverted my focus to my school career. I successfully passed grade 8 and 9 but unfortunately failed grade 10. Although I was so emotional about my challenges, I decided not to give up. The San Counsel advised me to make use of the program the government is providing for the san youth. I visited the office of NTA to see which college is autherised for me to approach to further my studies. I then was accepted at VTC to do auto mechanics even though my dream was to study ICT. The government paid for all fees and provided accommodation for us even though it was far and transportation was a challenge. Later I changed to another college whereby I was accepted but had to write a general test for final acceptance. I failed this test about five times before I eventually got through, as I knew this is my dream to study ICT. I passed my two-certification exams for A+ and N+ with excellence and am currently doing PC engineering course with only one module before I will graduate. This makes me so happy to look back how I suffered with school and where I am now currently having achieved so much. ', 
'Study Further' ,
'My motivation to san children still in school is to know who you are and why you are in school. Think about what you want to become in life and look forward to achieve your dreams. Forget about alcohol and girlfriends or boyfriends, as they will distract you from achieving your dreams. Never give up on yourself but rather focus on who you are and where you see yourself in the future. ', 
15);



